Player,Tier
Patrick Mahomes,1
Josh Allen,1
Jalen Hurts,1
Lamar Jackson,1
Joe Burrow,1
Justin Fields,2
Justin Herbert,2
Deshaun Watson,2
Dak Prescott,2
Trevor Lawrence,2
Kirk Cousins,2
Daniel Jones,2
Geno Smith,2
Aaron Rodgers,2
Tua Tagovailoa,2
Russell Wilson,2
Jared Goff,2
Anthony Richardson,2
Derek Carr,3
Matthew Stafford,3
Jordan Love,3
Kenny Pickett,3
Brock Purdy,3
Bryce Young,3
Jimmy Garoppolo,4
Ryan Tannehill,4
C.J. Stroud,4
Mac Jones,4
Kyler Murray,4
Sam Howell,4
Desmond Ridder,4
Baker Mayfield,4
Jacoby Brissett,5
Kyle Trask,5
Colt McCoy,5
Will Levis,6
Trey Lance,6
Brian Hoyer,6
Taylor Heinicke,6
Gardner Minshew II,6
Mike White,7
Bailey Zappe,7
Clayton Tune,7
Sam Darnold,7
Davis Mills,7
Tyrod Taylor,7
Marcus Mariota,7
Brett Rypien,7
Mitch Trubisky,7
Tyler Huntley,7
Andy Dalton,7
Jarrett Stidham,7
Sean Clifford,7
Hendon Hooker,7
Teddy Bridgewater,7
Blaine Gabbert,7
Jameis Winston,7
Trevor Siemian,7
P.J. Walker,7
Joshua Dobbs,7
Nick Mullens,7
Stetson Bennett,7
Zach Wilson,7
Easton Stick,7
C.J. Beathard,7
Drew Lock,7
Cooper Rush,7
David Blough,7
Kyle Allen,7
Aidan O'Connell,7
Matt Barkley,8
Malik Willis,8
Dorian Thompson-Robinson,8
Max Duggan,8
Jaren Hall,8
Tanner McKee,8
Skylar Thompson,8
Case Keenum,8
Matt Corral,8
Mason Rudolph,8
Jake Haener,8
Shane Buechele,8
Nate Sudfeld,8
Tommy DeVito,8
Will Grier,8
Josh Johnson,8
Christian McCaffrey,1
Austin Ekeler,1
Derrick Henry,2
Nick Chubb,2
Tony Pollard,2
Josh Jacobs,2
Saquon Barkley,2
Bijan Robinson,2
Jonathan Taylor,3
Joe Mixon,3
Aaron Jones,3
Najee Harris,3
Rhamondre Stevenson,3
Travis Etienne,3
Alexander Mattison,3
James Conner,3
Kenneth Walker,3
Jahmyr Gibbs,3
Dameon Pierce,3
Breece Hall,3
Rachaad White,3
Miles Sanders,3
Cam Akers,4
J.K. Dobbins,4
Isiah Pacheco,4
David Montgomery,4
Alvin Kamara,4
Javonte Williams,4
James Cook,4
D'Andre Swift,5
AJ Dillon,5
Khalil Herbert,5
Dalvin Cook,5
Antonio Gibson,5
Brian Robinson,5
Samaje Perine,5
Jeff Wilson,6
Jamaal Williams,6
Rashaad Penny,6
Raheem Mostert,6
Elijah Mitchell,6
Zach Charbonnet,6
Tyler Allgeier,6
Jerick McKinnon,6
Ezekiel Elliott,6
Devin Singletary,6
Damien Harris,6
Jaylen Warren,6
De'Von Achane,6
Chuba Hubbard,6
Kenneth Gainwell,6
D'Onta Foreman,6
Tank Bigsby,6
Gus Edwards,6
Chase Edmonds,7
Roschon Johnson,7
Cordarrelle Patterson,7
Joshua Kelley,7
Tyjae Spears,7
Clyde Edwards-Helaire,7
Kyren Williams,7
Ty Chandler,7
Chase Brown,7
Jerome Ford,7
Kendre Miller,7
Keaontay Ingram,7
Ronald Jones II,8
Latavius Murray,8
Matt Breida,8
Isaiah Spiller,8
Abram Smith,8
Zamir White,8
Zach Evans,8
Kenyan Drake,8
Zack Moss,8
Deuce Vaughn,8
Corey Clement,8
JaMycal Hasty,8
Eric Gray,9
Ameer Abdullah,9
Michael Carter,9
Ke'Shawn Vaughn,9
Melvin Gordon III,9
Hassan Haskins,9
Jordan Mason,9
Deon Jackson,9
Trayveon Williams,9
Raheem Blackshear,9
Pierre Strong,9
Chris Rodriguez,9
Rico Dowdle,9
Chris Evans,9
Sean Tucker,9
DeeJay Dallas,9
Kene Nwangwu,9
Evan Hull,9
Craig Reynolds,9
Malik Davis,9
Ty Montgomery,9
DeWayne McBride,9
Anthony McFarland,9
Boston Scott,9
Kyle Juszczyk,9
Zonovan Knight,9
Sincere McCormick,9
Kenny McIntosh,9
Travis Homer,9
D'Ernest Johnson,9
Patrick Taylor,10
Tyler Badie,10
Deneric Prince,10
Demetric Felton,10
Dare Ogunbowale,10
Gary Brightwell,10
James Robinson,10
Kevin Harris,10
Damien Williams,10
John Kelly,10
Tony Jones,10
Tyrion Davis-Price,10
Salvon Ahmed,10
Myles Gaskin,10
Brandon Bolden,10
Justice Hill,10
Jonathan Williams,10
Lew Nichols III,10
Reggie Gilliam,10
Kirk Merritt,10
Mohamed Ibrahim,10
Elijah Dotson,10
Alec Ingold,10
J.J. Taylor,10
Snoop Conner,10
Darrynton Evans,10
Trey Sermon,10
Royce Freeman,10
Zander Horvath,10
Brittain Brown,10
Ty'Son Williams,10
C.J. Ham,10
Mike Boone,10
Julius Chestnut,10
Ty Johnson,11
Patrick Ricard,11
Jaleel McLaughlin,11
Trestan Ebner,11
La'Mical Perine,11
Godwin Igwebuike,11
Hunter Luepke,11
Jermar Jefferson,11
Ronnie Rivers,11
Jake Funk,11
Qadree Ollison,11
Patrick Laird,11
Jason Cabinda,11
Giovanni Ricci,11
Spencer Brown,11
Larry Rountree III,11
Nate McCrary,11
Avery Williams,11
Gerrid Doaks,11
Jonathan Ward,11
Jaret Patterson,11
Adam Prentice,11
Henry Pearson,11
Michael Burton,11
Jack Colletto,11
Jason Huntley,11
Khari Blasingame,11
Jakob Johnson,11
Keith Smith,11
Ellis Merriweather,11
Tyler Goodson,11
Dwayne Washington,11
Clint Ratkovich,11
Darrel Williams,11
Israel Abanikanda,11
Nick Bellore,11
Keaton Mitchell,11
Justin Jefferson,1
Ja'Marr Chase,1
Cooper Kupp,1
Tyreek Hill,1
CeeDee Lamb,2
Stefon Diggs,2
Davante Adams,2
Amon-Ra St. Brown,2
A.J. Brown,2
Jaylen Waddle,2
Garrett Wilson,3
Tee Higgins,3
Chris Olave,3
Deebo Samuel,3
DK Metcalf,3
DeVonta Smith,3
Amari Cooper,3
Calvin Ridley,3
Christian Watson,3
Keenan Allen,3
Jerry Jeudy,3
Terry McLaurin,4
Mike Williams,4
DJ Moore,4
Mike Evans,4
DeAndre Hopkins,4
Chris Godwin,4
Christian Kirk,4
Drake London,5
Marquise Brown,5
Tyler Lockett,5
Diontae Johnson,5
Brandon Aiyuk,5
Michael Pittman,6
Jahan Dotson,6
George Pickens,6
Gabe Davis,6
Brandin Cooks,6
Jordan Addison,6
JuJu Smith-Schuster,6
Treylon Burks,6
Michael Thomas,6
Jaxon Smith-Njigba,6
Courtland Sutton,6
Zay Flowers,7
Jakobi Meyers,7
Nico Collins,7
Kadarius Toney,7
Tyler Boyd,7
Odell Beckham,7
Rondale Moore,7
Zay Jones,7
Darnell Mooney,7
Quentin Johnston,7
Allen Lazard,7
DJ Chark,7
Michael Gallup,7
Adam Thielen,7
Marquez Valdes-Scantling,7
Romeo Doubs,7
Skyy Moore,7
DeVante Parker,7
Hunter Renfrow,7
Jonathan Mingo,7
Curtis Samuel,7
K.J. Osborn,7
Van Jefferson,7
Elijah Moore,7
Donovan Peoples-Jones,7
Jayden Reed,7
Isaiah Hodgins,7
Jameson Williams,8
Rashod Bateman,8
Robert Woods,8
Rashid Shaheed,8
Russell Gage,8
Alec Pierce,8
John Metchie,8
Mack Hollins,8
Chase Claypool,8
Marvin Jones,8
Mecole Hardman,8
Corey Davis,8
Darius Slayton,8
Allen Robinson II,8
Rashee Rice,8
Parris Campbell,8
Khalil Shakir,9
Joshua Palmer,9
Wan'Dale Robinson,9
Kendrick Bourne,9
Tyquan Thornton,9
Ben Skowronek,9
Nick Westbrook-Ikhine,9
Josh Reynolds,9
Greg Dortch,9
Jalin Hyatt,9
Marvin Mims,9
Michael Wilson,9
Terrace Marshall,9
Sterling Shepard,9
Tutu Atwell,9
Robbie Chosen,9
Trey Palmer,9
Josh Downs,9
Tank Dell,9
Cedric Tillman,9
Richie James,9
Isaiah McKenzie,9
Braxton Berrios,9
Amari Rodgers,9
Laviska Shenault,9
Quez Watkins,9
Jauan Jennings,9
Chris Moore,9
Kalif Raymond,10
Puka Nacua,10
Demarcus Robinson,10
Marquez Callaway,10
Olamide Zaccheaus,10
Kyle Philips,10
Trent Sherfield,10
David Moore,10
Randall Cobb,10
Jamal Agnew,10
Demario Douglas,10
Charlie Jones,10
Cedrick Wilson,10
Marquise Goodwin,10
Noah Brown,10
Dontayvion Wicks,10
Samori Toure,10
Cade Johnson,10
Trenton Irwin,10
Zach Pascal,10
Deven Thompkins,10
KhaDarel Hodge,10
Justin Watson,10
Dyami Brown,10
Justyn Ross,10
Calvin Austin III,11
David Bell,11
Devin Duvernay,11
Parker Washington,11
Tre Nixon,11
Deonte Harty,11
Jalen Guyton,11
Britain Covey,11
Brandon Powell,11
Cole Beasley,11
Bryan Edwards,11
Steven Sims,11
Jalen Nailor,11
Equanimeous St. Brown,11
Jalen Tolbert,11
DeAndre Carter,11
Tre'Quan Smith,11
Kendall Hinton,11
Nelson Agholor,11
Jamison Crowder,11
Penny Hart,11
Dee Eskridge,11
Derius Davis,11
Phillip Dorsett II,11
Velus Jones,11
Scott Miller,11
Shi Smith,11
Denzel Mims,12
Justin Shorter,12
Dareke Young,12
Kaylon Geiger,12
Joseph Ngata,12
Tre Tucker,12
Gunner Olszewski,12
Jalen Reagor,12
Jakeem Grant,12
KaVontae Turpin,12
Byron Pringle,12
Ray-Ray McCloud III,12
Dante Pettis,12
Ashton Dulin,12
Ronnie Bell,12
Rakim Jarrett,12
Darrius Shepherd,12
Erik Ezukanma,12
Lance McCutcheon,12
Kevin Austin,12
Cody Thompson,12
River Cracraft,12
Maurice Alexander,12
Danny Gray,12
Trinity Benson,12
Bo Melton,12
Isaiah Coulter,12
Jason Moore,12
Dezmon Patmon,12
Stanley Morgan,12
Dennis Houston,12
Simi Fehoko,12
Seth Williams,12
Montrell Washington,12
Jacob Harris,12
Cody Chrest,12
Andy Isabella,12
Easop Winston,12
KeeSean Johnson,12
Joe Reed,12
Tim Jones,12
Matthew Slater,12
Jalen Virgil,12
Andre Baccellia,12
Brandon Johnson,12
Dax Milne,12
Keelan Doss,12
Austin Trammell,12
Jaelon Darden,12
C.J. Saunders,12
Cam Sims,12
Kawaan Baker,12
Keke Coutee,12
Keelan Cole,12
Dez Fitzpatrick,12
Michael Woods II,12
Mason Kinsey,12
Racey McMath,12
Trent Taylor,12
Tylan Wallace,12
Chris Conley,12
Mike Strachan,12
Anthony Schwartz,12
Vyncint Smith,12
Josh Ali,12
Jalen Camp,12
Greg Ward,12
Nsimba Webster,12
Daurice Fountain,12
Keith Kirkwood,12
James Proche II,12
Miles Boykin,12
Alex Erickson,12
Breshad Perriman,12
Jason Brownlee,12
Kirk Merritt,12
Kayshon Boutte,12
Demetric Felton,12
Xavier Hutchinson,12
Andrei Iosivas,12
N'Keal Harry,12
Bryce Ford-Wheaton,12
A.T. Perry,12
Tyler Scott,12
Travis Kelce,1
Mark Andrews,2
T.J. Hockenson,2
George Kittle,3
Darren Waller,3
Kyle Pitts,3
Dallas Goedert,3
Evan Engram,4
Pat Freiermuth,4
Tyler Higbee,4
David Njoku,4
Dalton Schultz,4
Chigoziem Okonkwo,4
Greg Dulcich,4
Gerald Everett,4
Cole Kmet,4
Dalton Kincaid,5
Juwan Johnson,5
Sam LaPorta,5
Irv Smith,5
Hunter Henry,5
Noah Fant,5
Hayden Hurst,5
Zach Ertz,5
Cade Otton,5
Tyler Conklin,5
Dawson Knox,5
Jelani Woods,5
Logan Thomas,5
Jake Ferguson,5
Mike Gesicki,5
Michael Mayer,5
Luke Musgrave,5
Trey McBride,5
Taysom Hill,5
Isaiah Likely,6
Austin Hooper,6
Noah Gray,7
Luke Schoonmaker,7
Jonnu Smith,7
Will Dissly,7
Donald Parham,7
Robert Tonyan,7
Foster Moreau,7
Brock Wright,7
Durham Smythe,7
Adam Trautman,7
C.J. Uzomah,7
Kylen Granson,7
Brenton Strange,7
Josiah Deguara,7
Jordan Akins,7
Harrison Bryant,7
Jimmy Graham,8
Josh Oliver,8
Mo Alie-Cox,8
Tommy Tremble,8
Tucker Kraft,8
Ian Thomas,8
Colby Parkinson,8
Darnell Washington,8
Brevin Jordan,8
Daniel Bellinger,8
Teagan Quitoriano,8
Elijah Higgins,8
Geoff Swaim,8
Lawrence Cager,8
Eric Saubert,8
Charlie Kolar,8
Brycen Hopkins,8
Albert Okwuegbunam,8
John Bates,8
Payne Durham,8
Peyton Hendershot,8
Blake Bell,8
Davis Allen,8
Cameron Latu,8
Hunter Long,8
Dan Arnold,8
Ko Kieft,8
Connor Heyward,8
Tre' McKitty,8
Andrew Ogletree,8
James Mitchell,8
Josh Whyle,8
Andrew Beck,8
Jack Stoll,8
Zach Gentry,8
Zack Kuntz,9
Stephen Sullivan,9
Tyler Kroft,9
Marcedes Lewis,9
Jeremy Ruckert,9
Tanner Hudson,9
Drew Sample,9
Reggie Gilliam,9
Trevon Wesco,9
Jody Fortson,9
Will Mallory,9
Cole Turner,9
Stone Smartt,9
Armani Rogers,9
Luke Farrell,9
Johnny Mundt,9
Quintin Morris,9
Ross Dwelley,9
Curtis Hodges,9
Kevin Rader,9
Jesper Horsted,9
Mitchell Wilcox,9
Devin Asiasi,9
Shane Zylstra,9
Anthony Firkser,9
Grant Calcaterra,9
Chris Manhertz,9
Eric Tomlinson,9
Nick Vannett,9
Charlie Woerner,9
Noah Togiai,9
Dominique Dafney,9
Tanner Conner,9
David Wells,9
Giovanni Ricci,9
Mason Schreck,9
Dalton Keene,9
Tommy Sweeney,9
Tyler Davis,9
Chris Myarick,9
Parker Hesse,9
Feleipe Franks,9
Tyler Mabry,9
Kaden Smith,9
Pharaoh Brown,9
Matt Sokol,9
Sean McKeon,9
Hunter Kampmoyer,9
Ben Mason,9
Kendall Blanton,9
MyCole Pruitt,9
Jacob Hollister,9
Tyree Jackson,9
